Workbook

Sheet datos
A1: NombreDeUsuario | B1: Ciudad | C1: FechaHora | D1: Temperatura_C | E1: Condicion_Clima | F1: Humedad_Porcentaje | G1: Viento_kmh
A2: luis | B2: Buenos Aires | C2: 46170.662 | D2: 13.54 | E2: nubes | F2: 85 | G2: 18.5
A3: luis | B3: Buenos Aires | C3: 46170.663 | D3: 13.54 | E3: nubes | F3: 85 | G3: 18.5
A4: luis | B4: Madrid | C4: 46170.665 | D4: 32.25 | E4: cielo claro | F4: 19 | G4: 5.5
A5: luis | B5: Madrid | C5: 46170.688 | D5: 31.47 | E5: cielo claro | F5: 20 | G5: 5.5
A6: luis | B6: Madrid | C6: 46170.688 | D6: 31.27 | E6: cielo claro | F6: 21 | G6: 5.5
A7: luis | B7: Madrid | C7: 46170.689 | D7: 31.27 | E7: cielo claro | F7: 21 | G7: 5.5
A8: luis | B8: Buenos Aires | C8: 46170.69 | D8: 14.16 | E8: nubes | F8: 86 | G8: 20.4
A9: luis | B9: Madrid | C9: 46170.691 | D9: 31.27 | E9: cielo claro | F9: 21 | G9: 5.5
A10: indiana | B10: London | C10: 46170.864 | D10: 22.95 | E10: nubes | F10: 58 | G10: 7.4
A11: sara | B11: Paris | C11: 46170.865 | D11: 22.1 | E11: cielo claro | F11: 73 | G11: 3.7
A12: sara | B12: Cordoba | C12: 46170.865 | D12: 13.64 | E12: nubes | F12: 93 | G12: 3.7
A13: sara | B13: Miami | C13: 46170.865 | D13: 27.77 | E13: lluvia ligera | F13: 83 | G13: 14.8
... A46: pedro | B46: Buenos Aires | C46: 46172.802 | D46: 12.45 | E46: cielo claro | F46: 82 | G46: 1.8

Sheet Gráfico Barras
A1: Ciudad | B1: Consultas
A2: Buenos Aires | B2: =COUNTIF(HistorialClima[Ciudad],A2) -> 6
A3: Madrid | B3: =COUNTIF(HistorialClima[Ciudad],A3) -> 11
A4: London | B4: =COUNTIF(HistorialClima[Ciudad],A4) -> 4
A5: Paris | B5: =COUNTIF(HistorialClima[Ciudad],A5) -> 3
A6: Cordoba | B6: =COUNTIF(HistorialClima[Ciudad],A6) -> 3
A7: Miami | B7: =COUNTIF(HistorialClima[Ciudad],A7) -> 3
A8: Tokyo | B8: =COUNTIF(HistorialClima[Ciudad],A8) -> 1
A9: Seoul | B9: =COUNTIF(HistorialClima[Ciudad],A9) -> 1
A10: Istanbul | B10: =COUNTIF(HistorialClima[Ciudad],A10) -> 1
A11: Dubai | B11: =COUNTIF(HistorialClima[Ciudad],A11) -> 2
A12: Barcelona | B12: =COUNTIF(HistorialClima[Ciudad],A12) -> 3
A13: Rio de Janeiro | B13: =COUNTIF(HistorialClima[Ciudad],A13) -> 1
... A19: Rome | B19: =COUNTIF(HistorialClima[Ciudad],A19) -> 1

Sheet Gráfico de Lineas
A1: FechaHora | B1: Temperatura_C
A2: =IF(datos!B4="Madrid",datos!C4,"") -> 46170.665 | B2: =IF(datos!B4="Madrid",datos!D4,"") -> 32.25
A3: =IF(datos!B5="Madrid",datos!C5,"") -> 46170.688 | B3: =IF(datos!B5="Madrid",datos!D5,"") -> 31.47
A4: =IF(datos!B6="Madrid",datos!C6,"") -> 46170.688 | B4: =IF(datos!B6="Madrid",datos!D6,"") -> 31.27
A5: =IF(datos!B7="Madrid",datos!C7,"") -> 46170.689 | B5: =IF(datos!B7="Madrid",datos!D7,"") -> 31.27
A6: =IF(datos!B9="Madrid",datos!C9,"") -> 46170.691 | B6: =IF(datos!B9="Madrid",datos!D9,"") -> 31.27
A7: =IF(datos!B38="Madrid",datos!C38,"") -> 46170.87 | B7: =IF(datos!B38="Madrid",datos!D38,"") -> 22.82
A8: =IF(datos!B40="Madrid",datos!C40,"") -> 46171.306 | B8: =IF(datos!B40="Madrid",datos!D40,"") -> 28.91
A9: =IF(datos!B41="Madrid",datos!C41,"") -> 46172.502 | B9: =IF(datos!B41="Madrid",datos!D41,"") -> 33.94
A10: =IF(datos!B42="Madrid",datos!C42,"") -> 46172.536 | B10: =IF(datos!B42="Madrid",datos!D42,"") -> 34.64
A11: =IF(datos!B43="Madrid",datos!C43,"") -> 46172.537 | B11: =IF(datos!B43="Madrid",datos!D43,"") -> 34.64
A12: =IF(datos!B44="Madrid",datos!C44,"") -> 46172.801 | B12: =IF(datos!B44="Madrid",datos!D44,"") -> 26.7

Sheet Gráfico Torta
A1: Condicion_Clima | B1: Cantidad
A2: nubes | B2: =COUNTIF(HistorialClima[Condicion_Clima],A2) -> 11
A3: cielo claro | B3: =COUNTIF(HistorialClima[Condicion_Clima],A3) -> 23
A4: lluvia ligera | B4: =COUNTIF(HistorialClima[Condicion_Clima],A4) -> 4
A5: muy nuboso | B5: =COUNTIF(HistorialClima[Condicion_Clima],A5) -> 5
A6: niebla | B6: =COUNTIF(HistorialClima[Condicion_Clima],A6) -> 1
A7: algo de nubes | B7: =COUNTIF(HistorialClima[Condicion_Clima],A7) -> 1
